preferences,seed,learn_rate,model_type,train_pairs,dev_pairs,test_pairs,epoch_num,loss_train,loss_dev,loss_test,rho_train,rho_p_train,pcc_train,pcc_p_train,tau_train,tau_p_train,rho_train_global,pcc_train_global,tau_train_global,rho_dev,rho_p_dev,pcc_dev,pcc_p_dev,tau_dev,tau_p_dev,rho_dev_global,pcc_dev_global,tau_dev_global,rho_test,rho_p_test,pcc_test,pcc_p_test,tau_test,tau_p_test,rho_test_global,pcc_test_global,tau_test_global
all,1,1.00E-06,deep,18901,4667,5776,19,0.58995208,0.642524829,0.673703565,0.538796054,0.046258101,0.566107362,0.027944803,0.44782097,0.046980945,0.59108115,0.586333107,0.458940724,0.376029844,0.16839231,0.410367523,0.091695607,0.304143836,0.16873627,0.379390411,0.387195081,0.287567746,0.264667503,0.196000092,0.279561617,0.19409453,0.220143968,0.197587971,0.245324615,0.233067406,0.192747641
all,1,1.00E-06,deep,18901,4667,5776,18,0.592599712,0.643124723,0.673715243,0.529387436,0.060351058,0.562160399,0.029711677,0.440195408,0.058788076,0.587944252,0.583193255,0.456442011,0.374474724,0.166175388,0.409223178,0.092128174,0.301890629,0.166189963,0.382178477,0.386871016,0.289056335,0.272340454,0.206068991,0.277147415,0.188805349,0.22263516,0.204811241,0.24183469,0.230236546,0.189704917
all,1,1.00E-06,deep,18901,4667,5776,20,0.587491917,0.64216851,0.673766464,0.534793477,0.045511801,0.570363853,0.026121953,0.444920954,0.045288664,0.593751509,0.589431455,0.461485035,0.378156752,0.168382788,0.411355264,0.092708494,0.304593386,0.168700726,0.377983673,0.386624353,0.286780047,0.266420407,0.189184399,0.2816113,0.201873487,0.220942535,0.19035328,0.246744543,0.236459963,0.193935791
all,1,1.00E-06,deep,18901,4667,5776,17,0.595345375,0.643706946,0.674089844,0.528123085,0.0642599,0.557764156,0.031748593,0.440253299,0.063848189,0.585774705,0.57979165,0.454687214,0.362377825,0.174584793,0.407981946,0.092361736,0.291793702,0.173616156,0.381139884,0.386689076,0.288846943,0.274383051,0.199357011,0.274144781,0.182694291,0.222388769,0.197671083,0.235460296,0.22657731,0.183709033
all,1,1.00E-06,deep,18901,4667,5776,22,0.582915571,0.641377813,0.674215908,0.548111626,0.040799993,0.577421728,0.023255602,0.455836511,0.039441795,0.599266598,0.594853599,0.465992103,0.377424574,0.174765291,0.413450203,0.09124852,0.302877389,0.179325807,0.381557989,0.387751168,0.290385994,0.266716848,0.194337278,0.285129019,0.210165673,0.220097061,0.193987902,0.249546037,0.24002536,0.196397786
all,1,1.00E-06,deep,18901,4667,5776,21,0.585204439,0.641531119,0.674239345,0.541648742,0.045771683,0.573508771,0.024840384,0.450605148,0.045825958,0.596177094,0.591928714,0.463272832,0.37273548,0.178770657,0.412593006,0.090435573,0.299361972,0.181825166,0.379732698,0.387911291,0.288652085,0.266173005,0.197021524,0.283351562,0.202677126,0.219814627,0.19994133,0.251269398,0.237031762,0.198006078
all,1,1.00E-06,deep,18901,4667,5776,16,0.598368985,0.644484217,0.674360028,0.519552242,0.068804733,0.55275131,0.034265118,0.432578582,0.068524428,0.582221621,0.575839492,0.451670399,0.361594482,0.182502141,0.406703868,0.092002446,0.292774622,0.181686602,0.381302074,0.387065997,0.289367861,0.260210312,0.173102165,0.270403021,0.175182212,0.214834016,0.165528922,0.227400534,0.221657261,0.176203259
all,1,1.00E-06,deep,18901,4667,5776,23,0.580920125,0.641090408,0.674592382,0.555448784,0.039246467,0.580744181,0.02199003,0.463678127,0.037433916,0.601600426,0.597311757,0.468047586,0.3658654,0.18259986,0.414096616,0.09118393,0.292896777,0.183534979,0.385359725,0.387976803,0.292791917,0.27853308,0.160993237,0.286214038,0.213096482,0.232847377,0.151173452,0.248828686,0.241487478,0.195984111
all,1,1.00E-06,deep,18901,4667,5776,14,0.605043247,0.646608946,0.67484452,0.509361639,0.06584144,0.542764938,0.03971788,0.423020851,0.0667424,0.573929156,0.567911768,0.444752444,0.35657893,0.181113001,0.403527973,0.09212738,0.287356074,0.180406493,0.378033227,0.387178615,0.286223583,0.241777875,0.175054879,0.262653594,0.163246925,0.196504327,0.171262217,0.21691058,0.211924998,0.165587602
all,1,1.00E-06,deep,18901,4667,5776,15,0.601612012,0.645500559,0.67486116,0.51319948,0.067380038,0.548079743,0.036722884,0.425731354,0.068059194,0.578282172,0.572086203,0.448254577,0.355958274,0.187178618,0.40522901,0.092285154,0.286751254,0.185819565,0.381313333,0.386845583,0.289266245,0.247916409,0.175828067,0.266782,0.16961176,0.202777035,0.171939645,0.22182583,0.217396832,0.170793659
all,1,1.00E-06,deep,18901,4667,5776,24,0.57890374,0.640845163,0.674884353,0.555791913,0.036264613,0.583846481,0.020859436,0.462744117,0.035720105,0.603879667,0.599663876,0.469596365,0.374951632,0.179870303,0.414904932,0.090236451,0.299331797,0.186029157,0.390629832,0.388787713,0.297021424,0.275721492,0.162453453,0.28741522,0.21268893,0.230466807,0.155742762,0.248138201,0.242182206,0.195383206
all,1,1.00E-06,deep,18901,4667,5776,13,0.608806856,0.647995652,0.675368794,0.502419389,0.071952822,0.536478836,0.043555794,0.417141001,0.072914435,0.569079912,0.562917166,0.440609597,0.373414492,0.148215564,0.40170545,0.090994612,0.302649826,0.143962428,0.38017988,0.387568357,0.287885861,0.231723309,0.163600076,0.257805023,0.154767527,0.186033557,0.15065271,0.211469517,0.204729629,0.15889592
all,1,1.00E-06,deep,18901,4667,5776,25,0.577146919,0.640795384,0.675595338,0.562273384,0.034637316,0.586911541,0.019795081,0.470132998,0.033314519,0.605993453,0.601880177,0.47142464,0.371438306,0.176998522,0.415496923,0.090143017,0.298444577,0.180959778,0.38649218,0.388979018,0.29377015,0.269331632,0.165580449,0.288384621,0.213268293,0.223480122,0.159047214,0.24859605,0.243235114,0.195423413
all,1,1.00E-06,deep,18901,4667,5776,26,0.575335455,0.64056024,0.675792712,0.561007614,0.034326411,0.589779352,0.018793673,0.468841644,0.032855329,0.60724049,0.603973251,0.472482401,0.376504451,0.173252749,0.416174293,0.089476804,0.302183049,0.174631007,0.388181266,0.389684862,0.294830026,0.277458469,0.157312409,0.288996261,0.213584948,0.232523217,0.149509333,0.249299468,0.243607182,0.195676287
all,1,1.00E-06,deep,18901,4667,5776,12,0.612781473,0.649497104,0.675922521,0.494068366,0.080732113,0.531016319,0.047101453,0.410516437,0.082183418,0.56523702,0.558324937,0.437090416,0.372642095,0.152772744,0.399737638,0.091041428,0.301159358,0.15063098,0.379379943,0.38691953,0.288210971,0.236563918,0.159391284,0.252568284,0.149589289,0.191286563,0.147241355,0.210535793,0.198727914,0.15794853
all,1,1.00E-06,deep,18901,4667,5776,27,0.573615656,0.64079253,0.676243865,0.567038303,0.030040507,0.592831206,0.017780436,0.474637212,0.029284285,0.609332143,0.606131696,0.474216611,0.379437389,0.174068629,0.416456613,0.090229336,0.303642282,0.177332994,0.385645844,0.389504024,0.292836222,0.273918195,0.160715139,0.289662089,0.215803568,0.229146729,0.154205722,0.252029649,0.24497021,0.197608363
all,1,1.00E-06,deep,18901,4667,5776,28,0.572071893,0.640541704,0.676432227,0.564750501,0.030006615,0.595203635,0.017017773,0.473444748,0.028709676,0.610465313,0.607865969,0.475090654,0.370394603,0.183742774,0.417052077,0.089192989,0.295230896,0.189133779,0.384244774,0.390468048,0.291759802,0.277330804,0.159719828,0.289923227,0.215346585,0.23245618,0.153526658,0.250365055,0.244536085,0.196682536
all,1,1.00E-06,deep,18901,4667,5776,29,0.570466625,0.640666344,0.676717913,0.567779894,0.030959505,0.598171643,0.016112715,0.475900669,0.030029388,0.612028503,0.609848865,0.476584564,0.382287474,0.185011142,0.41723284,0.090427193,0.301820449,0.190211417,0.383783769,0.390066796,0.291231131,0.295046077,0.180312359,0.289910963,0.21864951,0.249088527,0.178355769,0.252604885,0.245470728,0.198693537
all,1,1.00E-06,deep,18901,4667,5776,11,0.617116672,0.651257293,0.676948551,0.483903127,0.085251963,0.524093418,0.052031161,0.401369213,0.086547033,0.560440294,0.55250603,0.433060283,0.367539048,0.144798207,0.39718124,0.090576792,0.294542649,0.141989628,0.376122352,0.386765973,0.28543582,0.232583862,0.163643244,0.246246679,0.142587523,0.187124382,0.152759067,0.211047981,0.189912535,0.158811544
all,1,1.00E-06,deep,18901,4667,5776,30,0.568993026,0.640781096,0.677596063,0.570181303,0.030164085,0.600530582,0.015397915,0.478099693,0.029040942,0.61405107,0.611549061,0.478223673,0.381722724,0.183501053,0.417714076,0.089769481,0.302337344,0.187999978,0.383095198,0.390738662,0.290603402,0.294694319,0.180195533,0.290225049,0.219013341,0.249519648,0.173171864,0.250070256,0.245312149,0.196117484
all,1,1.00E-06,deep,18901,4667,5776,31,0.567542047,0.640893634,0.677817134,0.572094376,0.028595147,0.603138487,0.014645588,0.479118884,0.028564612,0.61540217,0.613301985,0.479385146,0.392671586,0.177110909,0.417975744,0.090316899,0.315117228,0.18093376,0.38474811,0.390804904,0.292857108,0.284893621,0.186023694,0.290226309,0.221233501,0.241227932,0.184338204,0.247775788,0.245729001,0.193892461
all,1,1.00E-06,deep,18901,4667,5776,10,0.621787648,0.653450215,0.677826658,0.479973454,0.089940342,0.516740448,0.057853414,0.397859754,0.092452656,0.554187115,0.546334295,0.428050907,0.360040249,0.154556428,0.394092683,0.091285856,0.290691196,0.148956229,0.373481852,0.385999516,0.2839541,0.222664293,0.166138863,0.239135828,0.136543498,0.176738129,0.162348883,0.20400675,0.180507003,0.151726946
all,1,1.00E-06,deep,18901,4667,5776,32,0.566191977,0.640713698,0.678613705,0.572850512,0.028604874,0.605226668,0.014048031,0.479609775,0.02835177,0.616830178,0.614788941,0.480681388,0.389280472,0.178498852,0.418416056,0.089274447,0.313343415,0.182088083,0.382440785,0.391735968,0.291000801,0.284926664,0.18543549,0.290034817,0.221241247,0.241465681,0.182837694,0.247024091,0.24486305,0.193762489
all,1,1.00E-06,deep,18901,4667,5776,33,0.564875636,0.640964264,0.678765008,0.570946092,0.028660294,0.60761728,0.013404791,0.478510774,0.02841743,0.617535687,0.616354818,0.481472413,0.392356643,0.177072977,0.418523445,0.089989578,0.315852087,0.178231819,0.382959101,0.391616878,0.291354091,0.284632703,0.196019947,0.289746145,0.224025347,0.23971434,0.194787299,0.249583721,0.245035302,0.195990476
all,1,1.00E-06,deep,18901,4667,5776,9,0.62680462,0.655819798,0.679193951,0.472977589,0.112611482,0.508409117,0.065288054,0.393530584,0.112239985,0.547116262,0.539162551,0.422103106,0.360675778,0.154116718,0.390767526,0.092276694,0.290364448,0.149793553,0.381522853,0.38470793,0.290516269,0.247407465,0.130511235,0.230920084,0.132330965,0.195779869,0.122689799,0.192983394,0.169544518,0.14319053
all,1,1.00E-06,deep,18901,4667,5776,34,0.563609271,0.641114914,0.679313711,0.577722464,0.027470253,0.609749603,0.012845656,0.484005838,0.026751324,0.618698321,0.617783438,0.482391324,0.39163965,0.177791849,0.418743588,0.089888385,0.314510208,0.182565685,0.384956228,0.39208379,0.293123977,0.269093337,0.208392494,0.28918825,0.225804505,0.22991246,0.20195873,0.246635327,0.244231369,0.194151675
all,1,1.00E-06,deep,18901,4667,5776,35,0.562398833,0.641216351,0.680096972,0.578206979,0.026148062,0.611837876,0.012307524,0.484880136,0.02566703,0.619426913,0.619186586,0.482971309,0.388747706,0.177644919,0.418887381,0.089728207,0.315561469,0.18066422,0.385061867,0.392503583,0.293587826,0.275038984,0.208525599,0.288810832,0.227284232,0.235594026,0.200597875,0.24434321,0.24365912,0.192880104
all,1,1.00E-06,deep,18901,4667,5776,36,0.561250599,0.641460735,0.680370248,0.582149218,0.025480339,0.614050012,0.011766965,0.48841144,0.025128554,0.620496305,0.620604687,0.483899391,0.389707251,0.177030048,0.418986811,0.090406305,0.313364984,0.181316091,0.383366838,0.39251951,0.291613721,0.268627095,0.21119483,0.288544888,0.230134542,0.229261098,0.204436524,0.244570282,0.24376304,0.193407921
all,1,1.00E-06,deep,18901,4667,5776,8,0.632218858,0.658534631,0.680639593,0.471224266,0.10938216,0.499110216,0.074167281,0.393068794,0.106185078,0.538800235,0.531111601,0.415108302,0.387647232,0.133452339,0.386540086,0.09596454,0.311597495,0.128755221,0.383008643,0.382577451,0.293421779,0.244177221,0.138974982,0.222029826,0.12935239,0.192286114,0.134057572,0.186491903,0.157195644,0.139165687
all,1,1.00E-06,deep,18901,4667,5776,37,0.560060129,0.641520263,0.680834752,0.584727348,0.025243897,0.615925587,0.011303184,0.491931919,0.024670115,0.62161401,0.621843186,0.484774944,0.385994789,0.175447735,0.419158119,0.09007012,0.312623731,0.177121628,0.383601227,0.39305035,0.292286395,0.272171732,0.22074353,0.287863509,0.231985739,0.232788152,0.216671928,0.245169458,0.24279103,0.193491408
all,1,1.00E-06,deep,18901,4667,5776,38,0.559065815,0.641780328,0.681489194,0.590171546,0.024913338,0.617889608,0.010857859,0.497389274,0.023984678,0.622197869,0.623021567,0.485351583,0.389250606,0.172679979,0.41911115,0.091016942,0.314543474,0.175705888,0.380909621,0.392889232,0.289981315,0.26149563,0.23747312,0.287174752,0.235057308,0.22287566,0.236377985,0.246633029,0.242347224,0.194605525
all,1,1.00E-06,deep,18901,4667,5776,39,0.557984603,0.641936216,0.682125924,0.596171914,0.023464714,0.619809065,0.010422238,0.502935159,0.022266499,0.623120423,0.624261205,0.486142435,0.386774787,0.17747894,0.419188512,0.090936247,0.310881409,0.177826183,0.383519526,0.393095465,0.291412882,0.263488053,0.236113422,0.286660107,0.236791744,0.225368547,0.237276256,0.246349129,0.241778456,0.194395105
all,1,1.00E-06,deep,18901,4667,5776,7,0.63800627,0.661612906,0.682180944,0.447509909,0.134265532,0.487735409,0.086357409,0.371927593,0.130719413,0.529339149,0.520913123,0.407156784,0.40403743,0.084443972,0.382007017,0.101453469,0.323301504,0.08418887,0.384477903,0.378103695,0.296167121,0.223215339,0.136054173,0.211586318,0.128028201,0.177447755,0.136981093,0.17125846,0.142035333,0.127661223
all,1,1.00E-06,deep,18901,4667,5776,41,0.555967527,0.642441011,0.682810449,0.595272661,0.024177819,0.62341575,0.009637189,0.502518559,0.022782176,0.625200529,0.626483292,0.488039432,0.390463898,0.17779454,0.419053809,0.09175348,0.315252544,0.179164551,0.38068088,0.393108117,0.289049553,0.266396935,0.235365006,0.285049089,0.24234283,0.22779181,0.231850526,0.248166528,0.240460771,0.196138589
all,1,1.00E-06,deep,18901,4667,5776,40,0.556993618,0.642126894,0.683000991,0.592452691,0.023597081,0.621529242,0.010038945,0.499576851,0.023057956,0.624173676,0.625302314,0.487112579,0.391268188,0.172582458,0.419267232,0.090979698,0.31804504,0.175100252,0.381725658,0.393368835,0.290083022,0.26207547,0.246474842,0.285721479,0.239099093,0.222847144,0.249552092,0.247809319,0.240676223,0.195058435
all,1,1.00E-06,deep,18901,4667,5776,6,0.644247696,0.665003282,0.683715478,0.448548511,0.134946212,0.475625246,0.10048595,0.374136043,0.12758401,0.517751155,0.509946317,0.3975618,0.422348488,0.062762102,0.375198239,0.115940433,0.33858779,0.063672878,0.388616296,0.371480709,0.299273835,0.20650673,0.184243897,0.200774546,0.130508477,0.16570247,0.185770362,0.159532175,0.126799608,0.118796241
all,1,1.00E-06,deep,18901,4667,5776,42,0.554960758,0.64244304,0.684051899,0.595165184,0.023534881,0.624817355,0.009327751,0.501935584,0.022826812,0.625315146,0.627313633,0.487946963,0.391072504,0.168934198,0.419202695,0.091127287,0.316672022,0.1703298,0.380711488,0.393872822,0.289114668,0.247268362,0.269823892,0.283881304,0.243669617,0.214053853,0.278818107,0.245789044,0.238664267,0.193954692
all,1,1.00E-06,deep,18901,4667,5776,43,0.554157688,0.642542074,0.684527,0.59831531,0.024043129,0.626325049,0.009012175,0.505498728,0.022740337,0.626003227,0.628266031,0.488417829,0.387473029,0.174533817,0.419306714,0.090737511,0.312550545,0.176722016,0.379934441,0.394240492,0.288225511,0.249314806,0.26965931,0.282978335,0.245099858,0.216259166,0.278755051,0.24570001,0.237478023,0.194339985
all,1,1.00E-06,deep,18901,4667,5776,44,0.553138196,0.642874632,0.685398076,0.599286936,0.024185621,0.627950601,0.008683378,0.505687859,0.023036196,0.627190035,0.629199651,0.489448353,0.384518928,0.178340479,0.419182593,0.091328865,0.309706535,0.182568643,0.379526023,0.39413581,0.287784487,0.254317093,0.278898814,0.282065693,0.248358444,0.220060032,0.287155365,0.246411533,0.236724084,0.194651138
all,1,1.00E-06,deep,18901,4667,5776,5,0.650870369,0.66872303,0.685489253,0.436894887,0.145201082,0.460181887,0.120243313,0.36306285,0.137901388,0.505639354,0.495809284,0.387613049,0.395058569,0.126042272,0.361227699,0.150798369,0.318986152,0.12662767,0.370572652,0.360127572,0.282790566,0.198880944,0.162132167,0.187899314,0.137091161,0.158712365,0.161683752,0.13293759,0.108148481,0.099274324
all,1,1.00E-06,deep,18901,4667,5776,45,0.552316019,0.643099574,0.686176584,0.598387829,0.023436934,0.629408857,0.008390957,0.50420521,0.021820089,0.627966946,0.630084416,0.490187151,0.386754374,0.173886116,0.419114709,0.09139547,0.311817227,0.176643871,0.379796488,0.394555518,0.288052055,0.248455753,0.267815958,0.280966125,0.250865953,0.21501175,0.274558012,0.245235912,0.23542166,0.19344181
all,1,1.00E-06,deep,18901,4667,5776,46,0.551456341,0.643057126,0.686369038,0.598231244,0.02344431,0.63079529,0.008115241,0.504866815,0.0217069,0.628568381,0.630897207,0.490726688,0.388010434,0.178057479,0.419144788,0.091293357,0.311031697,0.183025733,0.378794036,0.394855148,0.287018465,0.250155699,0.264969387,0.280100019,0.25319508,0.217151829,0.271213732,0.246950642,0.23435882,0.194670104
all,1,1.00E-06,deep,18901,4667,5776,47,0.550712079,0.643263111,0.687057458,0.600814123,0.02303737,0.632198355,0.007845363,0.50723823,0.021351121,0.629235507,0.631690476,0.49127971,0.390206902,0.177724665,0.419042908,0.091624596,0.315517658,0.179185056,0.376627742,0.395031765,0.2853996,0.250104491,0.272345324,0.278996436,0.256000659,0.216896757,0.280415193,0.247205011,0.233141787,0.195022385
all,1,1.00E-06,deep,18901,4667,5776,4,0.657990039,0.672757123,0.68737676,0.42067806,0.166423212,0.441079976,0.142841819,0.349091448,0.158377957,0.488893178,0.47820921,0.374241476,0.377218608,0.209715687,0.334352634,0.198917294,0.305394344,0.214878111,0.335652261,0.342177868,0.255757045,0.170367758,0.196776258,0.174496046,0.147071458,0.136192254,0.185947517,0.110402543,0.08766909,0.082353481
all,1,1.00E-06,deep,18901,4667,5776,48,0.549830199,0.643456918,0.687801749,0.603530017,0.021562145,0.63337438,0.007612582,0.508659556,0.020484517,0.630032044,0.632347531,0.491874591,0.406527424,0.147108355,0.419052446,0.09107739,0.330830703,0.1464798,0.378828937,0.395687771,0.287459368,0.240690591,0.292038317,0.277800532,0.258087727,0.20762361,0.294524701,0.245741393,0.231442103,0.193355191
all,1,1.00E-06,deep,18901,4667,5776,49,0.549148055,0.643821424,0.688598895,0.607512594,0.020959221,0.634931872,0.007348405,0.512440159,0.01987122,0.630840689,0.633253828,0.492613056,0.405958199,0.148395247,0.418871936,0.092011789,0.328477824,0.147940311,0.380165217,0.395262473,0.288557865,0.240401978,0.308945255,0.27695138,0.261837749,0.207588124,0.318910804,0.244776723,0.231007489,0.193142438
all,1,1.00E-06,deep,18901,4667,5776,50,0.548304071,0.644207251,0.688888554,0.605351427,0.021518165,0.636434345,0.007093287,0.51084742,0.020237639,0.631750628,0.634050796,0.49335373,0.404624794,0.149283988,0.41866271,0.092939231,0.330044056,0.146873263,0.380113431,0.394762313,0.288745878,0.242521629,0.295336703,0.276220379,0.264835321,0.210276739,0.307362949,0.243323317,0.23067795,0.191895922
all,1,1.00E-06,deep,18901,4667,5776,3,0.66579751,0.677095859,0.689025427,0.407631671,0.193656605,0.419498691,0.163390906,0.333920902,0.200504397,0.465779569,0.458006416,0.355934793,0.30841105,0.223882786,0.296978676,0.175155081,0.249917599,0.208808799,0.297268942,0.316554448,0.225480062,0.143383213,0.196375813,0.16283713,0.158033532,0.111705611,0.186706483,0.095300616,0.068230612,0.070626618
all,1,1.00E-06,deep,18901,4667,5776,2,0.674762433,0.681913671,0.690715823,0.371797334,0.205737485,0.387516046,0.199540732,0.303930866,0.217329816,0.431730247,0.426650611,0.328408704,0.253244134,0.212491014,0.248648558,0.195382265,0.203687883,0.209323406,0.252691195,0.267808167,0.189182321,0.10588717,0.208366444,0.148501188,0.170433074,0.079476567,0.205159695,0.061862258,0.042207995,0.046069864
all,1,1.00E-06,deep,18901,4667,5776,1,0.686282703,0.68738063,0.691643785,0.339687174,0.181123217,0.36598792,0.199536958,0.280880866,0.188425824,0.413854575,0.407711167,0.314595434,0.262747327,0.351243986,0.217435932,0.263651248,0.207645084,0.361833193,0.217673382,0.203932307,0.160488124,0.143492716,0.2207382,0.149031467,0.188705504,0.112851499,0.202679042,0.061533237,0.031786432,0.046620069
all,1,1.00E-06,deep,18901,4667,5776,0,0.693593479,0.694605025,0.692952761,0.001437462,0.421306271,-0.005212357,0.384889706,-0.001592675,0.420158685,0.053539577,0.036691573,0.039187837,-0.105969038,0.305791702,-0.093220165,0.316747519,-0.087636857,0.311817701,-0.178633936,-0.185851411,-0.132605671,-0.027844934,0.329377184,0.031068519,0.475107532,-0.011173907,0.311293165,0.044080359,0.047530341,0.033322711
all,1,1.00E-05,linear,18901,4667,5776,29,0.588430225,0.641372845,0.673413435,0.534940634,0.045822179,0.566657675,0.027472394,0.44448008,0.046007205,0.591163807,0.58634261,0.459092226,0.393194044,0.164814904,0.415228454,0.08510002,0.314860041,0.166386129,0.398390865,0.389879782,0.302634351,0.258680267,0.1825337,0.273980839,0.230963076,0.216181561,0.177326171,0.247894784,0.234956786,0.194898619
all,1,1.00E-05,linear,18901,4667,5776,24,0.595169201,0.642292416,0.673603631,0.520810467,0.058117396,0.554383008,0.033233113,0.433404235,0.058286174,0.581536925,0.576816546,0.450369337,0.386071275,0.175748794,0.412905535,0.084136872,0.307529497,0.177323791,0.393644753,0.38954076,0.297728025,0.253464698,0.193246,0.267318562,0.211647988,0.209926377,0.194095161,0.238649732,0.227808192,0.184668831
all,1,1.00E-05,linear,18901,4667,5776,28,0.589722221,0.641464678,0.67361091,0.530935516,0.049672797,0.564113771,0.028620186,0.441989442,0.049526501,0.588999132,0.584434713,0.457071062,0.383669551,0.17667161,0.414971736,0.084144784,0.304573108,0.178958591,0.394035791,0.390185779,0.298502155,0.260580628,0.196794837,0.272957693,0.225294088,0.217884389,0.197094732,0.244915972,0.23322961,0.192226082
all,1,1.00E-05,linear,18901,4667,5776,26,0.592324542,0.641784214,0.673671414,0.522140632,0.053795659,0.559536275,0.030722005,0.433362108,0.053724853,0.584751891,0.580874833,0.453282556,0.390860637,0.176496541,0.414074258,0.084188266,0.312060583,0.1827113,0.39845757,0.389818401,0.301485757,0.262134082,0.197198167,0.270557934,0.218919282,0.218385355,0.198456527,0.243750697,0.230983673,0.190482548
all,1,1.00E-05,linear,18901,4667,5776,23,0.596768892,0.642611003,0.673706831,0.512419853,0.069517709,0.551762107,0.034526282,0.426564576,0.068331413,0.57989726,0.574705924,0.449177873,0.382669303,0.178848666,0.412201666,0.084442096,0.303877214,0.18285893,0.392182477,0.389175671,0.296790144,0.251082209,0.186858,0.265418535,0.208669578,0.208269943,0.187941751,0.236850712,0.226238294,0.183403852
all,1,1.00E-05,linear,18901,4667,5776,31,0.586076365,0.641317691,0.673715548,0.53802105,0.046011175,0.570938715,0.025630212,0.447909978,0.045898385,0.594171184,0.589579727,0.461533516,0.390393861,0.165449616,0.415978829,0.085506818,0.31370815,0.166773393,0.39486705,0.390058224,0.299696265,0.260666198,0.196882258,0.275773884,0.234894076,0.218270373,0.201201598,0.246735814,0.236865927,0.193485123
all,1,1.00E-05,linear,18901,4667,5776,22,0.598342474,0.64299241,0.673717585,0.511807697,0.071319434,0.548910884,0.036040386,0.425967153,0.070220228,0.57783043,0.572398951,0.44757622,0.387542882,0.169646941,0.411601577,0.084274549,0.311714448,0.171973774,0.39200929,0.389124161,0.297547087,0.251616124,0.189041804,0.263394823,0.204437266,0.208285203,0.190499312,0.233162947,0.22401972,0.179672693
all,1,1.00E-05,linear,18901,4667,5776,27,0.59094885,0.64179208,0.673759166,0.531659686,0.049870863,0.562085454,0.029511357,0.441903893,0.049848227,0.587269781,0.582845511,0.455381127,0.38788724,0.177521921,0.414422211,0.084720815,0.310637219,0.179759846,0.395170244,0.389690466,0.299022496,0.265124201,0.188924785,0.271923445,0.223577185,0.22200429,0.186160935,0.245942055,0.232723772,0.193290553
all,1,1.00E-05,linear,18901,4667,5776,33,0.58392741,0.641103678,0.67388441,0.542293377,0.043128009,0.574688282,0.024119709,0.451150922,0.042617126,0.596490698,0.592396172,0.463351498,0.384170361,0.179063336,0.416615489,0.085439165,0.306093936,0.181970101,0.394396783,0.390428523,0.299384492,0.26399811,0.193537005,0.276937376,0.236658807,0.220897001,0.19675382,0.248574761,0.237868731,0.195157842
all,1,1.00E-05,linear,18901,4667,5776,30,0.58724117,0.641386513,0.673887497,0.539153563,0.045096568,0.568765977,0.026561662,0.448702032,0.044576022,0.592717411,0.587955034,0.460344037,0.387162416,0.16987102,0.415653354,0.085128111,0.308584276,0.173456843,0.396410847,0.3900274,0.300756965,0.264771609,0.190692406,0.274995199,0.233350472,0.222786509,0.190237423,0.246441285,0.235843554,0.193534727
all,1,1.00E-05,linear,18901,4667,5776,25,0.593778143,0.642094962,0.673904645,0.522684419,0.052989682,0.556956965,0.031985613,0.434174763,0.053055014,0.582980178,0.578858905,0.451712073,0.381458264,0.17839696,0.413516649,0.083957789,0.303110524,0.18095529,0.396283106,0.38970291,0.299708724,0.262086636,0.192962985,0.269007289,0.214899228,0.219023954,0.196395894,0.241420442,0.229303061,0.187733178
all,1,1.00E-05,linear,18901,4667,5776,34,0.582902608,0.641119724,0.673983748,0.54107792,0.043283066,0.576476693,0.02342945,0.450291617,0.04337308,0.5976135,0.593727481,0.464181447,0.389782821,0.167730287,0.416901688,0.085398921,0.310865631,0.170608812,0.396020826,0.390673516,0.300764551,0.263325542,0.198429391,0.277215387,0.237820732,0.218463902,0.202201967,0.246578974,0.237977422,0.19326294
all,1,1.00E-05,linear,18901,4667,5776,32,0.584993567,0.641077764,0.67403474,0.53570752,0.044849952,0.572711775,0.02492436,0.444769747,0.044705663,0.59489254,0.59093402,0.461980508,0.388001116,0.167342171,0.416396182,0.085043914,0.310856059,0.16923366,0.394975272,0.390440363,0.299982664,0.264015222,0.184660771,0.276378065,0.235011375,0.220175264,0.182984248,0.246510129,0.237095681,0.192843075
all,1,1.00E-05,linear,18901,4667,5776,21,0.600157434,0.643282293,0.674112901,0.507885205,0.070885439,0.545493529,0.037986304,0.423195758,0.069614687,0.575354325,0.569601105,0.445642107,0.380903124,0.172129322,0.410883401,0.083425473,0.306065402,0.170167238,0.39398549,0.389311962,0.299165762,0.24615809,0.189512858,0.260752129,0.198176191,0.202994941,0.189700469,0.229985996,0.220485804,0.177373912
all,1,1.00E-05,linear,18901,4667,5776,20,0.601966289,0.643839874,0.674125072,0.504869649,0.072144068,0.542613569,0.039567481,0.419299183,0.071491145,0.573757146,0.567249866,0.444349434,0.388634855,0.161777403,0.409965199,0.084196485,0.312238361,0.160151928,0.394308423,0.388895506,0.299562877,0.237603178,0.20165592,0.258235303,0.195932725,0.19571286,0.206429761,0.230522701,0.218624331,0.17769324
all,1,1.00E-05,linear,18901,4667,5776,36,0.580975535,0.641133995,0.674280805,0.549620969,0.043107234,0.580201112,0.022003659,0.45789559,0.043349343,0.600301006,0.596437438,0.466481708,0.403624224,0.162051998,0.417353244,0.086008775,0.323598101,0.163213848,0.398745595,0.390770086,0.303358669,0.270869285,0.169928828,0.278123244,0.240978543,0.227439137,0.164029339,0.249473722,0.239197807,0.196019125
all,1,1.00E-05,linear,18901,4667,5776,19,0.603895965,0.644290945,0.674364596,0.505500132,0.070522629,0.53894934,0.041819578,0.420975845,0.069220055,0.571001289,0.564259988,0.442033827,0.368928778,0.175616236,0.409098309,0.08351359,0.298585213,0.171784107,0.393794849,0.389056878,0.300849833,0.241660463,0.193700331,0.255238652,0.190500559,0.199125596,0.194322517,0.229121705,0.215056528,0.177049268
all,1,1.00E-05,linear,18901,4667,5776,37,0.580001661,0.641109973,0.67438794,0.54692239,0.041117907,0.581883423,0.021373464,0.455937896,0.038771281,0.601048416,0.597641919,0.467200634,0.405005355,0.174218701,0.417570227,0.08616568,0.327332868,0.177166257,0.398536413,0.390834271,0.303979308,0.252271886,0.189303129,0.278270832,0.242633466,0.215759929,0.176137706,0.248975176,0.239368555,0.196296265
all,1,1.00E-05,linear,18901,4667,5776,35,0.581906744,0.641092766,0.674417621,0.545815681,0.041015133,0.578270063,0.022741422,0.454023554,0.040700819,0.598829947,0.595029924,0.46533708,0.386302593,0.175686445,0.417120813,0.085560936,0.306972857,0.177677704,0.396212053,0.390745044,0.300887775,0.265520724,0.187522601,0.277595497,0.239044427,0.220623751,0.184675943,0.248008442,0.238358189,0.193994101
all,1,1.00E-05,linear,18901,4667,5776,38,0.579182153,0.641162064,0.674596601,0.551805496,0.039401792,0.58359003,0.020750538,0.46070351,0.037181799,0.601912109,0.598835976,0.46802108,0.403944199,0.173256956,0.417698947,0.086667979,0.325379665,0.178851641,0.396743285,0.390754097,0.302433619,0.262125888,0.192204418,0.278471451,0.244549453,0.224098493,0.187062515,0.25057682,0.239732616,0.197478019
all,1,1.00E-05,linear,18901,4667,5776,41,0.576630455,0.641358065,0.674779484,0.554430062,0.039911644,0.588447504,0.019058362,0.463842862,0.037590381,0.605903972,0.602215668,0.471354056,0.403408727,0.163973155,0.418197004,0.087404174,0.32586984,0.165673551,0.396390627,0.390702644,0.302179492,0.263651238,0.190950367,0.278920141,0.249553096,0.224184865,0.180538102,0.249026386,0.240498274,0.195533437
all,1,1.00E-05,linear,18901,4667,5776,18,0.605967748,0.644898097,0.674792364,0.498472259,0.077770752,0.535279754,0.04411827,0.414262325,0.07739067,0.56802415,0.561124588,0.439601709,0.382831608,0.145884748,0.408103386,0.083313828,0.309621254,0.141610649,0.393334125,0.388957508,0.300173995,0.237690724,0.188017106,0.251867974,0.185536725,0.195348731,0.187066748,0.224695778,0.211276308,0.172804639
all,1,1.00E-05,linear,18901,4667,5776,39,0.578296317,0.641197605,0.674848378,0.548812589,0.041387711,0.585225336,0.020167874,0.457532515,0.039589101,0.603360918,0.599975855,0.469173626,0.404372751,0.173913012,0.417901824,0.086880888,0.32629518,0.176253068,0.396457129,0.390755178,0.302229682,0.265093776,0.181083613,0.278661808,0.24605225,0.22659939,0.169553394,0.249645435,0.239956392,0.196619956
all,1,1.00E-05,linear,18901,4667,5776,40,0.577477408,0.641236849,0.67517481,0.551535041,0.039092722,0.586703649,0.019665592,0.461494138,0.036939433,0.604489283,0.60102561,0.470162512,0.403892778,0.169255985,0.418168392,0.086715679,0.325063672,0.1737375,0.398769245,0.391079702,0.304106152,0.266466588,0.18588299,0.278651952,0.24734128,0.228702988,0.17756775,0.250806698,0.239773134,0.197502219
all,1,1.00E-05,linear,18901,4667,5776,17,0.608118626,0.645468268,0.675415752,0.498502917,0.077675494,0.531268179,0.04680552,0.413851313,0.079074473,0.565490877,0.557734714,0.43753281,0.377723852,0.153836072,0.407025692,0.082961098,0.305500376,0.152506681,0.392096728,0.388886828,0.29869067,0.251288447,0.163817916,0.24802477,0.180151784,0.208870145,0.159605042,0.221538114,0.206893722,0.170873275
all,1,1.00E-05,linear,18901,4667,5776,42,0.575785474,0.641290606,0.675483674,0.554781259,0.041857501,0.589651329,0.018663365,0.464338755,0.039783667,0.606655538,0.603057535,0.471900357,0.400486162,0.175021493,0.418450682,0.086983408,0.323235382,0.176595106,0.398446349,0.39120018,0.30392916,0.26049203,0.184804421,0.278618697,0.250385954,0.221686064,0.173939041,0.248200313,0.239777264,0.194380173
all,1,1.00E-05,linear,18901,4667,5776,43,0.575131204,0.641298844,0.675669859,0.559221896,0.040085666,0.590900406,0.018257808,0.46865759,0.03781449,0.607280356,0.603937064,0.472498741,0.408907048,0.168159628,0.418634394,0.086714032,0.330361707,0.173183988,0.395365254,0.391455061,0.301277306,0.260488493,0.207167072,0.278413959,0.251323305,0.223275999,0.198264279,0.247961885,0.239343134,0.194577083
all,1,1.00E-05,linear,18901,4667,5776,16,0.610466674,0.64623913,0.675906934,0.487943325,0.096685373,0.52696984,0.049831299,0.405849847,0.095909811,0.561376691,0.553985142,0.434050884,0.376087734,0.157213461,0.405792651,0.082635575,0.301631997,0.156906178,0.392922928,0.388796173,0.298336233,0.250965688,0.170463628,0.243665483,0.174966325,0.207850824,0.167806486,0.219937352,0.201989114,0.169389177
all,1,1.00E-05,linear,18901,4667,5776,44,0.574269913,0.641460212,0.676002152,0.559466197,0.037000106,0.5923732,0.017772052,0.468604825,0.035588711,0.608679029,0.604938726,0.47375807,0.410471506,0.162176459,0.418669769,0.087153681,0.331959551,0.16394593,0.398341492,0.391348518,0.303740397,0.255252662,0.205431084,0.278404641,0.253461017,0.2170226,0.194497723,0.248088141,0.239511687,0.194169786
all,1,1.00E-05,linear,18901,4667,5776,46,0.572860284,0.641427354,0.6761938,0.55941412,0.037014384,0.594922036,0.016965696,0.469051179,0.035631532,0.609689665,0.606654784,0.474542902,0.405995677,0.167584142,0.418954451,0.087183521,0.327219982,0.172316949,0.397298871,0.391676508,0.3026376,0.246112217,0.235611942,0.277956531,0.256660459,0.206586422,0.231661764,0.245405327,0.23891481,0.192463895
all,1,1.00E-05,linear,18901,4667,5776,45,0.573580534,0.641560094,0.676353658,0.562367064,0.036553651,0.593681083,0.01735078,0.471098831,0.035432301,0.609167159,0.605809656,0.474143182,0.405163936,0.173881511,0.418812329,0.087237118,0.326941513,0.17974842,0.397641561,0.39154041,0.303185222,0.252669076,0.209631849,0.27813402,0.255235861,0.214699626,0.197207887,0.245890932,0.239180632,0.192762759
all,1,1.00E-05,linear,18901,4667,5776,47,0.572232382,0.641492445,0.676464921,0.563350256,0.033618282,0.596228296,0.016558868,0.470868968,0.032826019,0.610393756,0.607510901,0.474975957,0.411651381,0.172946706,0.418978204,0.087571147,0.332140232,0.175405592,0.396226621,0.391637872,0.301435548,0.229924491,0.265853191,0.277730264,0.258749429,0.196286333,0.270295453,0.242433976,0.238758778,0.190658537
all,1,1.00E-05,linear,18901,4667,5776,15,0.612996394,0.647166854,0.676727356,0.486158232,0.101452171,0.522566011,0.05313505,0.403291706,0.101422578,0.558238708,0.550096219,0.431357763,0.373696813,0.156243244,0.404481565,0.082364631,0.301850938,0.15347389,0.393754607,0.388594729,0.299442311,0.250128767,0.156301721,0.239093719,0.169877319,0.207217337,0.145860345,0.214516815,0.196781931,0.164333999
all,1,1.00E-05,linear,18901,4667,5776,48,0.571485839,0.641619296,0.676776565,0.567316835,0.032758305,0.597294195,0.016231089,0.475201358,0.031358262,0.61097537,0.608229965,0.475364063,0.409413731,0.164217447,0.419158921,0.087239029,0.329727924,0.167219927,0.396486855,0.392084498,0.301739831,0.227319204,0.27195293,0.27734138,0.260128231,0.192847563,0.27327011,0.241545508,0.238053839,0.189436477
all,1,1.00E-05,linear,18901,4667,5776,14,0.615641042,0.648125947,0.677036451,0.485916875,0.103054898,0.517535022,0.057226363,0.403869757,0.102243124,0.554638455,0.545693003,0.428541646,0.400381024,0.092082165,0.402916827,0.081961818,0.324685867,0.090149929,0.394087748,0.38858376,0.299633538,0.250368029,0.169849496,0.233903774,0.164663459,0.208295307,0.166783829,0.213759992,0.190598955,0.163709826
all,1,1.00E-05,linear,18901,4667,5776,50,0.570168821,0.641963155,0.677047335,0.570887601,0.032737156,0.600057036,0.015413651,0.478921817,0.031093413,0.6128973,0.610007071,0.476968449,0.416188878,0.161633512,0.419191624,0.08830581,0.337035902,0.163645016,0.397435248,0.391587261,0.302634351,0.227392286,0.27461666,0.277177042,0.264706322,0.193060984,0.282513812,0.241928108,0.238406268,0.18974811
all,1,1.00E-05,linear,18901,4667,5776,49,0.570875444,0.641769503,0.677149324,0.56988293,0.03343847,0.598621311,0.015832635,0.477773522,0.032440514,0.611863687,0.609099666,0.476129899,0.404384241,0.174026674,0.419174364,0.087678704,0.325507125,0.176463526,0.395884586,0.391969099,0.301312323,0.229696298,0.271661374,0.277105622,0.262567044,0.195206383,0.281571046,0.242849164,0.237989962,0.190541136
all,1,1.00E-05,linear,18901,4667,5776,13,0.618558811,0.649357642,0.67771376,0.480303726,0.101732828,0.512007793,0.062027904,0.39800335,0.100051237,0.548335212,0.540707881,0.42329901,0.397899347,0.093478677,0.401193006,0.081475172,0.321461689,0.091503722,0.39144691,0.38829693,0.296506511,0.247294405,0.154867088,0.227851576,0.159251811,0.203639029,0.142554018,0.210563478,0.183352841,0.160067249
all,1,1.00E-05,linear,18901,4667,5776,12,0.62165667,0.650595836,0.678518331,0.478562527,0.097143908,0.506454959,0.067110325,0.396213688,0.097107401,0.542769849,0.535524722,0.418678043,0.403870583,0.090735709,0.399513151,0.081133978,0.326523995,0.089182953,0.393505219,0.387679229,0.298089927,0.247715637,0.158146192,0.221415327,0.155049248,0.201730646,0.153979077,0.202409624,0.17614157,0.154168593
all,1,1.00E-05,linear,18901,4667,5776,11,0.625073847,0.652027989,0.679671253,0.462343228,0.102922431,0.499498826,0.074109557,0.381188273,0.102399577,0.535729435,0.528936167,0.412465157,0.392221958,0.101037884,0.397519298,0.0803444,0.31693392,0.100841508,0.395298843,0.387096451,0.299080312,0.244905248,0.15729089,0.213390496,0.150439651,0.199165423,0.151841691,0.192931511,0.166317687,0.14567856
all,1,1.00E-05,linear,18901,4667,5776,10,0.628768243,0.653821215,0.680683362,0.465963331,0.109176218,0.492201076,0.081943827,0.385269387,0.110919197,0.529128799,0.521965143,0.407295811,0.399899074,0.087728108,0.39516041,0.080625177,0.322838967,0.085398947,0.401216586,0.385965531,0.303963976,0.238160671,0.131302147,0.204761521,0.147578865,0.189066556,0.1218999,0.181301263,0.156213508,0.136168319
all,1,1.00E-05,linear,18901,4667,5776,9,0.632834694,0.655802233,0.682156865,0.444211667,0.119265576,0.483376561,0.092256589,0.364868539,0.119926453,0.519986146,0.513284328,0.399702423,0.389219576,0.10076629,0.39245525,0.081469632,0.311315558,0.101437886,0.395497674,0.38420414,0.300025344,0.210995644,0.142817765,0.194354862,0.14607016,0.167850447,0.131840486,0.163560954,0.143367485,0.122705611
all,1,1.00E-05,linear,18901,4667,5776,8,0.637329505,0.658064831,0.68364206,0.443364029,0.130093091,0.473581189,0.104319878,0.364361869,0.130928302,0.511562086,0.503491637,0.393016767,0.389745381,0.099261224,0.388970362,0.085146285,0.312477619,0.100539597,0.389830261,0.381409281,0.297209879,0.177127353,0.228206136,0.182659574,0.147133663,0.145015231,0.210606059,0.149718665,0.12965376,0.11237341
all,1,1.00E-05,linear,18901,4667,5776,7,0.642270628,0.660694745,0.685346977,0.411693975,0.171620716,0.461046472,0.12094609,0.338082654,0.171641397,0.49966329,0.490508219,0.383397675,0.395536624,0.091051227,0.384534962,0.093412981,0.317277464,0.090383346,0.389147149,0.376346905,0.297785836,0.139429227,0.228540942,0.168436794,0.150825149,0.114131914,0.231361322,0.140639352,0.111832634,0.105508877
all,1,1.00E-05,linear,18901,4667,5776,6,0.647789433,0.66366928,0.687118075,0.401918973,0.195202899,0.446552169,0.141140956,0.330900514,0.195050718,0.486166539,0.475265686,0.372227057,0.41020536,0.076509902,0.375731209,0.112786698,0.331237843,0.077212724,0.381930593,0.368974386,0.294714407,0.131303586,0.201067858,0.152650554,0.157962964,0.102151534,0.196350829,0.123220524,0.092431917,0.09190857
all,1,1.00E-05,linear,18901,4667,5776,5,0.653920678,0.667058526,0.689331451,0.39518331,0.190430008,0.426529346,0.170929815,0.323807381,0.1891326,0.465819995,0.453866523,0.355462321,0.406013501,0.083771462,0.354341843,0.161322315,0.32599266,0.083521517,0.380814803,0.355338486,0.293912481,0.107192011,0.197422045,0.13334621,0.169239192,0.083525431,0.200155916,0.089882696,0.066981675,0.066179138
all,1,1.00E-05,linear,18901,4667,5776,4,0.660846886,0.671058593,0.691856155,0.368326819,0.225166272,0.399173952,0.21007377,0.301072047,0.226504925,0.433746173,0.424390736,0.329475696,0.358200279,0.166833673,0.313664206,0.163392576,0.285437749,0.157253509,0.338990829,0.332241807,0.261217655,0.096024414,0.164808099,0.110068295,0.179669294,0.071221106,0.154032393,0.051843692,0.036099957,0.037810746
all,1,1.00E-05,linear,18901,4667,5776,3,0.668747542,0.675522131,0.69429994,0.346227984,0.242174458,0.363468018,0.224899411,0.282111045,0.248202202,0.399332303,0.384886207,0.301893308,0.298819828,0.179873024,0.264235595,0.140035656,0.240935583,0.177257262,0.282114797,0.297782628,0.215946866,0.097872444,0.272290992,0.081455477,0.189844627,0.071943149,0.272340826,0.024793005,0.000732392,0.018147374
all,1,1.00E-05,linear,18901,4667,5776,2,0.678016897,0.680670955,0.69685863,0.292677645,0.287512218,0.309066334,0.271740188,0.237745565,0.288458125,0.339020375,0.321885978,0.254192685,0.230254553,0.231447073,0.219792333,0.184486048,0.188212891,0.231360791,0.240716985,0.239513393,0.18397401,0.027365145,0.323623945,0.03964153,0.242351816,0.017782086,0.310860423,-0.023062228,-0.046524961,-0.01710927
all,1,1.00E-05,linear,18901,4667,5776,1,0.689685616,0.686415068,0.698230729,0.201068636,0.387924844,0.226933828,0.315698883,0.163110316,0.389009695,0.229092919,0.22165009,0.170340196,0.173605515,0.278323025,0.18594116,0.250188773,0.137075138,0.279384822,0.200678311,0.166185822,0.151206971,-0.056537824,0.424924026,-0.040214289,0.302551518,-0.046348425,0.400082645,-0.085070911,-0.112850293,-0.062353532
all,1,1.00E-05,linear,18901,4667,5776,0,0.696861485,0.693877274,0.699296355,-0.089475234,0.398047869,-0.134693016,0.358543206,-0.074551496,0.3783167,-0.118653678,-0.145508037,-0.088741899,-0.012070989,0.291749819,-0.031974471,0.356664627,-0.009173552,0.299980536,-0.016112131,-0.090375292,-0.010753438,-0.211872344,0.241436256,-0.228478711,0.332902961,-0.165709925,0.235102652,-0.216830211,-0.243771188,-0.160750033
majority,1,1.00E-05,deep,627,150,186,50,0.539994371,0.618237007,0.669346889,0.556362703,0.036941881,0.595636417,0.018301467,0.464933333,0.036071536,0.606339335,0.605084431,0.471490053,0.369458112,0.183094352,0.42255226,0.079392367,0.296475645,0.18490029,0.395068208,0.394478421,0.299721187,0.25183412,0.227197014,0.280352429,0.221547356,0.209721348,0.230452566,0.251047631,0.23968007,0.196178803
majority,1,1.00E-05,deep,627,150,186,39,0.555750301,0.620648026,0.668226908,0.541026466,0.045466039,0.57301251,0.026856259,0.449542398,0.046711176,0.590918763,0.588419102,0.459048119,0.364670093,0.18596912,0.418727398,0.080461834,0.294390487,0.185630431,0.38477282,0.390227669,0.292228585,0.272362611,0.185274462,0.27484474,0.196484434,0.224239908,0.18691874,0.246953224,0.232782972,0.19225999
majority,1,1.00E-05,deep,627,150,186,46,0.545169619,0.621068084,0.667330186,0.549159622,0.040244833,0.588635216,0.020696291,0.457965722,0.040341023,0.601965216,0.599883129,0.467732958,0.365171668,0.188863623,0.421081209,0.081384981,0.289922617,0.193792544,0.396609424,0.392368453,0.300143705,0.257403336,0.172849665,0.279247936,0.219432322,0.211935538,0.175007299,0.248403694,0.23939042,0.193398499
majority,1,1.00E-05,deep,627,150,186,49,0.54053703,0.621093214,0.668940773,0.557835837,0.03724497,0.594601974,0.01860902,0.465934905,0.03654177,0.605632806,0.60413145,0.470902644,0.36329012,0.192429232,0.422178882,0.08103751,0.289394537,0.197257829,0.393751563,0.393103258,0.298117668,0.253637062,0.228745086,0.280114396,0.223223187,0.21192088,0.235132326,0.251343666,0.24103746,0.196716374
majority,1,1.00E-05,deep,627,150,186,45,0.547502208,0.621151483,0.669037024,0.548889422,0.040718789,0.586108325,0.021599181,0.457154136,0.040688702,0.600332721,0.59812366,0.466311106,0.365779788,0.187312251,0.420711762,0.080662484,0.293435007,0.191272747,0.394303486,0.392107107,0.299520174,0.261662605,0.179319383,0.278412932,0.214824682,0.217407644,0.183843089,0.249492616,0.23792465,0.194475476
majority,1,1.00E-05,deep,627,150,186,44,0.547764288,0.621798491,0.668817719,0.549417671,0.039836072,0.583996034,0.022455828,0.456832782,0.041164569,0.599089435,0.596582802,0.46541349,0.362794615,0.194765621,0.420569987,0.080308888,0.290819472,0.195300765,0.389411353,0.392369096,0.296224932,0.255326041,0.190609835,0.277892992,0.210843334,0.212826631,0.194137546,0.247983142,0.236661879,0.193571067
majority,1,1.00E-05,deep,627,150,186,40,0.553327423,0.621888757,0.665957262,0.543667587,0.044676967,0.575226815,0.025937363,0.452389431,0.046297318,0.592284346,0.589959139,0.459975856,0.36411624,0.188714345,0.418768463,0.081517742,0.292550018,0.188900597,0.383697964,0.390124582,0.290552101,0.270962892,0.192296755,0.275219439,0.200222454,0.223854713,0.19493126,0.247099995,0.233816741,0.192214026
majority,1,1.00E-05,deep,627,150,186,37,0.559803918,0.622347724,0.668341011,0.540865192,0.046086318,0.56813482,0.029043814,0.45053598,0.047903989,0.586686632,0.584853305,0.455507609,0.369888304,0.190324335,0.417424552,0.080236292,0.298335352,0.19205071,0.388193403,0.389801971,0.294223798,0.261734246,0.188283228,0.273160522,0.189447744,0.213405644,0.190054846,0.241459856,0.229857078,0.186958621
majority,1,1.00E-05,deep,627,150,186,43,0.54997649,0.622403395,0.669988255,0.544880243,0.039714904,0.582316509,0.022993451,0.453112937,0.039395476,0.597644438,0.595059737,0.46420276,0.368952955,0.179990055,0.419998436,0.08174168,0.295158748,0.181438135,0.391141348,0.391078184,0.296659537,0.281595376,0.183544563,0.277542346,0.211069262,0.228172526,0.181802537,0.249186943,0.2371752,0.193058975
majority,1,1.00E-05,deep,627,150,186,47,0.543878517,0.623158205,0.668880522,0.553907258,0.039259177,0.590238447,0.020153604,0.46266344,0.038438672,0.602416563,0.601074678,0.468172525,0.361266869,0.1958427,0.421349977,0.080947033,0.285837129,0.199679991,0.39412219,0.392560454,0.29816044,0.249494472,0.218428999,0.279300035,0.220172588,0.208734732,0.220107123,0.251493269,0.239398384,0.195771485
majority,1,1.00E-05,deep,627,150,186,48,0.542282996,0.623381555,0.669567943,0.554646304,0.036248839,0.592426487,0.019338503,0.462703193,0.035814738,0.604091579,0.602663463,0.469647682,0.367017459,0.181340073,0.421705488,0.080923,0.293300765,0.184776525,0.398878862,0.393311275,0.302684528,0.254608727,0.228468551,0.279673898,0.222263839,0.210250945,0.228527359,0.251816833,0.239863142,0.195980929
majority,1,1.00E-05,deep,627,150,186,36,0.561278662,0.623478019,0.669833243,0.528329757,0.04835305,0.565160546,0.030451401,0.439357971,0.049479125,0.584482453,0.582546406,0.453456747,0.36705968,0.187093191,0.417003079,0.079358645,0.297111087,0.184539998,0.391786409,0.389715537,0.296890805,0.270720514,0.199063964,0.271336361,0.183301393,0.223383694,0.205085654,0.240188023,0.226667305,0.185986026
majority,1,1.00E-05,deep,627,150,186,42,0.550521453,0.623610854,0.66899097,0.541389194,0.045372518,0.579908585,0.02401623,0.450772645,0.047252182,0.596247382,0.59357951,0.463053015,0.366818967,0.189664564,0.419524545,0.08099489,0.296220121,0.189641946,0.388362353,0.390735515,0.29502005,0.26711058,0.18151664,0.276883752,0.207264635,0.218933739,0.180541516,0.246487896,0.236090081,0.191726002
majority,1,1.00E-05,deep,627,150,186,38,0.557565843,0.623934507,0.66952158,0.536606526,0.048149651,0.570791792,0.027779218,0.446210912,0.049580439,0.588887761,0.586619538,0.457222698,0.366662086,0.18933378,0.417562964,0.081889218,0.296397793,0.18796611,0.386082467,0.38918473,0.293095732,0.268616335,0.193998496,0.273558793,0.195715908,0.220474178,0.197214585,0.246083802,0.232011418,0.191328024
majority,1,1.00E-05,deep,627,150,186,35,0.563006666,0.624285209,0.669798762,0.531475861,0.050152637,0.563255817,0.031363995,0.441670928,0.052139173,0.582791479,0.581145001,0.452232141,0.36917738,0.188553204,0.416375427,0.079919643,0.297324741,0.188552365,0.388391771,0.389089313,0.294115585,0.26666197,0.183791899,0.270771567,0.183018989,0.21823664,0.18182968,0.240220477,0.226898106,0.186168923
majority,1,1.00E-05,deep,627,150,186,41,0.551889221,0.625291359,0.667978863,0.542965446,0.045797563,0.576867628,0.025260194,0.451457636,0.047358858,0.592797476,0.591332838,0.460427925,0.367835934,0.184469409,0.419867987,0.078694027,0.296736471,0.185210283,0.386926213,0.39174558,0.293798326,0.266328355,0.18438936,0.275949296,0.198119346,0.217866012,0.181892037,0.245552931,0.23274161,0.191022488
majority,1,1.00E-05,deep,627,150,186,33,0.566092253,0.625451422,0.669290781,0.52725532,0.051832042,0.558244996,0.033804368,0.437483382,0.054314231,0.579820446,0.577217464,0.449729343,0.373749846,0.175559571,0.41570639,0.08002444,0.30090976,0.173630524,0.389764712,0.388332237,0.295249586,0.243406747,0.19339019,0.267906815,0.17704022,0.195739706,0.186297079,0.236870384,0.223459523,0.182749204
majority,1,1.00E-05,deep,627,150,186,34,0.564808586,0.626067877,0.665832698,0.525508272,0.052120248,0.560609183,0.032593324,0.436447992,0.053703132,0.581753549,0.579072246,0.451409236,0.369368323,0.186858485,0.416224879,0.079706645,0.297615905,0.186572238,0.389441295,0.389172398,0.295098475,0.269343717,0.177315147,0.268856073,0.178864714,0.220924343,0.171136532,0.238657996,0.224050372,0.184421601
majority,1,1.00E-05,deep,627,150,186,28,0.577526465,0.626457822,0.669356485,0.513474961,0.062978958,0.54239557,0.042545036,0.427552956,0.064695671,0.569831458,0.56459235,0.441791577,0.36694295,0.161202231,0.411778558,0.078892716,0.294637997,0.162471005,0.392923737,0.388402459,0.298602724,0.24609765,0.183639509,0.256001473,0.154834376,0.197206776,0.177348757,0.219554816,0.20802513,0.167695454
majority,1,1.00E-05,deep,627,150,186,30,0.572948468,0.627471685,0.668043822,0.518358472,0.059703747,0.548873061,0.038713775,0.43112431,0.060711166,0.573900881,0.56974182,0.444991957,0.363998792,0.164383458,0.413421691,0.079125416,0.295960525,0.160636951,0.387073344,0.388486729,0.293753864,0.247789666,0.185913094,0.261939179,0.163425885,0.198434394,0.180008484,0.227415075,0.214948917,0.174422839
majority,1,1.00E-05,deep,627,150,186,32,0.569666398,0.627588058,0.666948944,0.520420888,0.059300929,0.555376462,0.035142008,0.43267397,0.060697817,0.578257575,0.575051963,0.448789075,0.358252129,0.195825914,0.414043833,0.081533899,0.288544871,0.196676227,0.389419893,0.388298981,0.294984554,0.252401164,0.169633272,0.265484089,0.174370661,0.206365005,0.158365816,0.235226346,0.221310731,0.180882954
majority,1,1.00E-05,deep,627,150,186,31,0.570728247,0.627753091,0.669726044,0.520351703,0.060152524,0.552393974,0.036715881,0.432425668,0.061490772,0.575900441,0.57258806,0.446668597,0.35571032,0.199521073,0.413859025,0.081048558,0.288979049,0.196388987,0.388196908,0.388064095,0.295076148,0.245773448,0.191974976,0.263280807,0.169746462,0.195971995,0.184694466,0.230666367,0.218496554,0.176396808
majority,1,1.00E-05,deep,627,150,186,29,0.575405148,0.628492105,0.668655763,0.520205011,0.060439665,0.546372192,0.040197559,0.433444877,0.061350634,0.573385537,0.567960486,0.444535578,0.365042413,0.169037809,0.412711619,0.079347456,0.294329467,0.167122677,0.389960009,0.38861797,0.295928413,0.251419386,0.18024752,0.260109783,0.161060586,0.201421674,0.173014035,0.226134855,0.213057722,0.172921882
majority,1,1.00E-05,deep,627,150,186,27,0.58014051,0.629676878,0.669599305,0.513767586,0.06102339,0.541484774,0.043093451,0.426370225,0.062538175,0.569225965,0.563831216,0.441191225,0.351175859,0.192573756,0.409791114,0.08420877,0.283346789,0.192339997,0.386500357,0.386557772,0.293464793,0.249820469,0.186475344,0.254611268,0.159496856,0.20066802,0.18251642,0.222688753,0.209767277,0.169833574
majority,1,1.00E-05,deep,627,150,186,26,0.583523312,0.629806113,0.669163913,0.512502743,0.063991413,0.536954931,0.0461245,0.426640346,0.064756503,0.565554343,0.560393252,0.438125561,0.364573231,0.162036379,0.409011723,0.081182287,0.293154153,0.1627295,0.386641767,0.387169368,0.294173402,0.243324532,0.182928825,0.251831102,0.151171951,0.194670246,0.177595615,0.216280982,0.203803865,0.164669933
majority,1,1.00E-05,deep,627,150,186,25,0.586920357,0.631962276,0.669270734,0.500198599,0.070784979,0.533394879,0.048627801,0.415609513,0.073911997,0.561376719,0.55746066,0.4346762,0.369287238,0.153953868,0.409129435,0.078642016,0.297623837,0.154026392,0.388506645,0.387711169,0.295930309,0.239962065,0.165475999,0.250449471,0.145471885,0.189308427,0.149060563,0.214754495,0.19991936,0.163228435
majority,1,1.00E-05,deep,627,150,186,24,0.587837031,0.633283687,0.670820336,0.498917444,0.069906165,0.530147515,0.050662109,0.413663282,0.072237313,0.558339312,0.554511618,0.431909868,0.3708446,0.153713557,0.408558074,0.07747871,0.298667165,0.151748311,0.384767048,0.387256701,0.292547144,0.240346685,0.167363174,0.247115337,0.141371761,0.191004043,0.15157672,0.214033376,0.195897028,0.161678425
majority,1,1.00E-05,deep,627,150,186,23,0.591542551,0.633969498,0.670746555,0.479456078,0.09657322,0.526759636,0.053341931,0.397763111,0.096574277,0.555693871,0.552067637,0.429964004,0.370718579,0.147673311,0.406980441,0.078387083,0.29832236,0.144766139,0.385829667,0.38718558,0.293494403,0.247513708,0.162305981,0.245054203,0.138136215,0.197057031,0.143154354,0.209774816,0.192653532,0.156846532
majority,1,1.00E-05,deep,627,150,186,21,0.596977115,0.635266411,0.671862066,0.47566889,0.105153861,0.518535382,0.059663624,0.395397976,0.105473992,0.548919139,0.545147195,0.424227644,0.388584214,0.093149138,0.405556369,0.075664721,0.312824786,0.092428587,0.383822666,0.387384628,0.29190381,0.223628554,0.162768461,0.237931977,0.128943996,0.179125806,0.151340929,0.201599507,0.182342976,0.150924657
majority,1,1.00E-05,deep,627,150,186,22,0.594073144,0.635524821,0.670708974,0.478333096,0.102980737,0.522437834,0.056641113,0.396654274,0.1021607,0.552093857,0.548383193,0.426913018,0.395633038,0.089949077,0.406088972,0.076353107,0.320470955,0.088512325,0.387408997,0.387323882,0.29445506,0.229982505,0.157973192,0.241179481,0.132453593,0.186461918,0.145082923,0.208563095,0.186885333,0.156439235
majority,1,1.00E-05,deep,627,150,186,20,0.600446627,0.637733972,0.671614438,0.473715169,0.10830237,0.514535418,0.06302427,0.393525244,0.109636408,0.546121512,0.541880462,0.421902275,0.384617918,0.09378992,0.404603533,0.074515982,0.310044038,0.092921804,0.3791811,0.387079594,0.288601543,0.221978442,0.16807722,0.234254855,0.125497891,0.175465651,0.164248806,0.202268085,0.177099336,0.150922206
majority,1,1.00E-05,deep,627,150,186,19,0.603860661,0.640185595,0.673205405,0.467502216,0.11232152,0.509935446,0.067454978,0.389424533,0.108966269,0.541771646,0.537726205,0.418339577,0.380759262,0.09771447,0.403755025,0.072279252,0.305862156,0.096642611,0.380738936,0.386257624,0.290732861,0.237856499,0.137503319,0.23013036,0.121820859,0.190160961,0.131879073,0.197748158,0.170506632,0.147552745
majority,1,1.00E-05,deep,627,150,186,18,0.60678705,0.64372412,0.674357831,0.472431949,0.110633172,0.508054555,0.06890685,0.393229511,0.11121622,0.540327786,0.53614616,0.417323336,0.379744902,0.099833298,0.402539715,0.073161448,0.305720193,0.098414534,0.375107261,0.385008229,0.285948835,0.234950648,0.137858826,0.228092213,0.122296839,0.186831499,0.130991734,0.19755738,0.168950283,0.146599564
majority,1,1.00E-05,deep,627,150,186,17,0.610491312,0.644486487,0.67485107,0.471333184,0.108716722,0.502485702,0.074486379,0.392990396,0.105956406,0.536495803,0.531403477,0.414041308,0.387837528,0.089650743,0.401295189,0.071668287,0.31251018,0.08740097,0.387527472,0.383660052,0.295206664,0.238760517,0.139196403,0.22393474,0.117782099,0.187436663,0.133423912,0.185961526,0.160860267,0.138515899
majority,1,1.00E-05,deep,627,150,186,16,0.614445993,0.647316897,0.675187419,0.456976274,0.120455478,0.496972424,0.080307436,0.380228329,0.116276977,0.531668042,0.52665245,0.409916507,0.378400832,0.100621538,0.39977769,0.071690007,0.304141157,0.099908117,0.388097716,0.382644486,0.29605342,0.241340841,0.138471596,0.219764866,0.114950117,0.190734572,0.134014666,0.178196013,0.153935566,0.132902987
majority,1,1.00E-05,deep,627,150,186,15,0.618879357,0.648887563,0.677951684,0.450427877,0.129551776,0.491682001,0.085685651,0.374983898,0.126239021,0.526848478,0.521701043,0.406154634,0.38616349,0.091273817,0.398328763,0.07256922,0.312715401,0.088071436,0.387421274,0.380034054,0.297079244,0.232049489,0.116034754,0.213513358,0.114587509,0.184182937,0.112357173,0.168650406,0.146290192,0.125075303
majority,1,1.00E-05,deep,627,150,186,14,0.622059795,0.652361417,0.679072887,0.445290761,0.128819805,0.486169176,0.09227406,0.372100881,0.121289634,0.522621177,0.516794153,0.402519612,0.398299445,0.077175221,0.396800287,0.075071195,0.321926041,0.076752478,0.386015135,0.376784783,0.296528944,0.213900887,0.139391338,0.207894308,0.113984336,0.168502431,0.143866091,0.160110045,0.13861157,0.118979464
majority,1,1.00E-05,deep,627,150,186,13,0.626367417,0.653594184,0.679985752,0.443867927,0.143940931,0.478256239,0.10177557,0.371016554,0.135182902,0.516118757,0.509228747,0.397016545,0.413798422,0.063477719,0.393109389,0.08234709,0.331401649,0.065298846,0.392069465,0.372051494,0.302880866,0.191268676,0.188270997,0.201002764,0.114766513,0.155438816,0.178412749,0.148799819,0.127987377,0.110173328
majority,1,1.00E-05,deep,627,150,186,12,0.630315572,0.655593503,0.680663774,0.433893003,0.158487175,0.473978692,0.107064008,0.362913114,0.146636769,0.512019088,0.505556944,0.393307762,0.411103931,0.064867649,0.388622475,0.089043875,0.328805256,0.067079448,0.38812498,0.3698093,0.298999873,0.19192205,0.18149525,0.196281674,0.118077872,0.155419692,0.167736955,0.139912491,0.123047412,0.102946867
majority,1,1.00E-05,deep,627,150,186,11,0.634977177,0.65914402,0.683610241,0.424042711,0.169613943,0.462481864,0.122655812,0.354883225,0.157253111,0.499044664,0.494653854,0.382778308,0.407133236,0.065042297,0.377459895,0.109761252,0.327015146,0.066101482,0.375518766,0.361572328,0.289663041,0.191216812,0.183772752,0.18726618,0.12160897,0.153681544,0.184035615,0.127970803,0.108488308,0.094318586
majority,1,1.00E-05,deep,627,150,186,10,0.639125383,0.662125218,0.684463859,0.423442165,0.165221315,0.454410879,0.13362355,0.35287972,0.155399947,0.492319944,0.486974959,0.377049978,0.387282744,0.098086562,0.365444326,0.132988291,0.310137673,0.098418344,0.364337809,0.354610946,0.280181664,0.164161075,0.17191098,0.180327643,0.125678073,0.130908919,0.164511524,0.124333159,0.097646113,0.091465695
majority,1,1.00E-05,deep,627,150,186,9,0.643592674,0.663879466,0.686438829,0.423117145,0.16975625,0.446275782,0.143131767,0.35217567,0.162677064,0.485056451,0.479390935,0.371555693,0.38641879,0.130854641,0.352829585,0.158554648,0.312644705,0.129170285,0.349172697,0.346535826,0.267584285,0.170710473,0.166543421,0.175156657,0.13027572,0.135382753,0.159127786,0.112429579,0.089116296,0.083287333
majority,1,1.00E-05,deep,627,150,186,8,0.64783048,0.667709816,0.688013047,0.415948585,0.17590741,0.431720098,0.156795438,0.345963554,0.166637668,0.471234364,0.465405734,0.360514044,0.341045017,0.193644092,0.328369606,0.21104339,0.275346997,0.181966377,0.32208768,0.331000942,0.246346234,0.147698112,0.156602102,0.166716591,0.13885827,0.115689565,0.147437769,0.105658757,0.075451033,0.078317272
majority,1,1.00E-05,deep,627,150,186,7,0.652337602,0.669188809,0.689065337,0.405628874,0.185545681,0.422311227,0.165107068,0.334989694,0.184026391,0.462120092,0.456542242,0.35295197,0.324783399,0.216891627,0.312861488,0.194391757,0.261617115,0.201903079,0.3181384,0.320322918,0.243069217,0.137752816,0.135101215,0.161813756,0.143605508,0.107619817,0.119774491,0.09100482,0.067022738,0.066537587
majority,1,1.00E-05,deep,627,150,186,6,0.656942421,0.671894455,0.689444373,0.412019231,0.167625487,0.417772822,0.169903219,0.340723671,0.16773686,0.456725575,0.452533339,0.348967675,0.308990607,0.221928023,0.302606438,0.192644307,0.251358915,0.205790651,0.304407505,0.311180904,0.232852954,0.138165803,0.132034335,0.158081799,0.149416018,0.107100264,0.116018853,0.086945179,0.060888847,0.063580586
majority,1,1.00E-05,deep,627,150,186,5,0.662384954,0.674970043,0.6906162,0.384459171,0.206929318,0.398223626,0.190225193,0.31628626,0.209697164,0.434721445,0.432244587,0.331266756,0.293913405,0.244703983,0.273422863,0.184280588,0.238343025,0.223091543,0.281400815,0.285103196,0.213523934,0.128102376,0.173463065,0.150103714,0.159290074,0.098233271,0.164353474,0.064546012,0.044918086,0.047322091
majority,1,1.00E-05,deep,627,150,186,4,0.668443438,0.678862453,0.691120267,0.365114081,0.180297453,0.387537839,0.201426496,0.300666119,0.191756156,0.426128012,0.422498386,0.324101913,0.250327833,0.223632846,0.256968548,0.188714989,0.200763851,0.223340443,0.258956095,0.26571734,0.194486911,0.143783062,0.223609917,0.145118871,0.169333296,0.110741471,0.216712274,0.063039761,0.035567293,0.047065186
majority,1,1.00E-05,deep,627,150,186,3,0.674106193,0.682225192,0.692105144,0.347803046,0.174771056,0.376254524,0.205689967,0.284829032,0.182677579,0.417734451,0.411822214,0.317921675,0.246026373,0.219390558,0.242737355,0.210359056,0.194108541,0.218000477,0.237490719,0.237697808,0.177685392,0.144420823,0.22785919,0.145495537,0.180194311,0.11195877,0.222382496,0.063095751,0.030657461,0.046768186
majority,1,1.00E-05,deep,627,150,186,2,0.681327531,0.685714078,0.691786855,0.337520733,0.180318823,0.368509788,0.200082521,0.279674158,0.186966811,0.412393746,0.40601495,0.313760887,0.247171948,0.269011968,0.225835725,0.241676481,0.195696792,0.26994214,0.219207055,0.202217173,0.161475013,0.143717278,0.182866254,0.150459076,0.193076485,0.109743387,0.182545896,0.0685341,0.029980447,0.051438073
majority,1,1.00E-05,deep,627,150,186,1,0.689717239,0.690426826,0.69273744,0.315266435,0.231261082,0.359060749,0.179902196,0.259890331,0.230831659,0.416295498,0.396272805,0.316584596,0.220823696,0.367593709,0.198064676,0.361767082,0.175756607,0.380818503,0.155713677,0.118449428,0.115284388,0.169323535,0.172171896,0.18279748,0.146376531,0.130586033,0.169492832,0.079243663,0.034366217,0.06176812
majority,1,1.00E-05,deep,627,150,186,0,0.693819818,0.695794511,0.693168124,0.001437462,0.421306271,-0.005212357,0.384889706,-0.001592675,0.420158685,0.053539577,0.036691573,0.039187837,-0.105969038,0.305791702,-0.093220165,0.316747519,-0.087636857,0.311817701,-0.178633936,-0.185851411,-0.132605671,-0.027844934,0.329377184,0.031068519,0.475107532,-0.011173907,0.311293165,0.044080359,0.047530341,0.033322711
majority,1,0.001,linear,627,150,186,6,0.560964297,0.619774699,0.669518451,0.53431853,0.045897173,0.566745657,0.030584696,0.445309988,0.0461784,0.586043143,0.583732278,0.454606998,0.389145421,0.145842246,0.42177643,0.074201951,0.31353046,0.144210279,0.404553828,0.394438624,0.306565779,0.235326562,0.237588896,0.263623072,0.220680192,0.195877319,0.248290309,0.241226213,0.227387316,0.187430362
majority,1,0.001,linear,627,150,186,7,0.554209596,0.620321178,0.672242691,0.538336967,0.044331083,0.577288501,0.02618509,0.446603564,0.045753526,0.593433523,0.591507205,0.460623438,0.383566717,0.181841749,0.423818236,0.074139989,0.304163404,0.185545627,0.403204537,0.3974328,0.3058717,0.238642881,0.200497831,0.265871942,0.236615132,0.197693992,0.195694709,0.245049671,0.229422177,0.192226082
majority,1,0.001,linear,627,150,186,9,0.543693465,0.621531737,0.672158788,0.559712161,0.037865133,0.595319588,0.018851477,0.468376274,0.037245244,0.603449316,0.603965701,0.468803216,0.402319517,0.149224224,0.423638209,0.079508391,0.329748262,0.14400076,0.395004371,0.396592459,0.300012929,0.248014605,0.253470239,0.269224877,0.249117921,0.210278314,0.261167738,0.244744624,0.233608437,0.192639676
majority,1,0.001,linear,627,150,186,13,0.526006359,0.622020161,0.679835876,0.587906348,0.027377539,0.619078041,0.011772167,0.494286909,0.026717597,0.618220435,0.619803965,0.4811165,0.410983386,0.152887987,0.426770059,0.076690877,0.336309133,0.148845422,0.408032189,0.402173775,0.311216622,0.229432232,0.262922939,0.251682386,0.28351768,0.195699203,0.260327708,0.233756075,0.218662318,0.184788924
majority,1,0.001,linear,627,150,186,11,0.533722207,0.622971773,0.676073958,0.561561733,0.037141856,0.60924965,0.014433747,0.470354961,0.034389557,0.612860511,0.613272262,0.476510194,0.411588314,0.143068882,0.42476476,0.079242184,0.339597331,0.138880214,0.402501571,0.399623714,0.305821602,0.229088507,0.289119682,0.260722776,0.286794942,0.193574703,0.294264356,0.236690018,0.227479944,0.18619311
majority,1,0.001,linear,627,150,186,12,0.530600142,0.623029828,0.675192942,0.57679201,0.027886995,0.615981213,0.012733643,0.485948319,0.027024155,0.615759517,0.6177346,0.479123555,0.427304706,0.143113724,0.424412794,0.082389425,0.350201506,0.139274847,0.401424499,0.39824809,0.305806179,0.230122614,0.255247169,0.261622718,0.299013242,0.194411589,0.252589327,0.2421319,0.228327396,0.19102559
majority,1,0.001,linear,627,150,186,5,0.569385268,0.624647343,0.670341402,0.520804746,0.055728123,0.553585763,0.037015965,0.432174451,0.056144768,0.575560501,0.572813911,0.445825891,0.410557408,0.085127358,0.420979089,0.071629415,0.329698569,0.085674369,0.40829243,0.395003821,0.309363693,0.2456278,0.179206329,0.262490899,0.202466523,0.20544071,0.181028218,0.24174624,0.223517907,0.187183285
majority,1,0.001,linear,627,150,186,21,0.506810841,0.624716997,0.699117651,0.610577469,0.021824983,0.646549893,0.00626346,0.515439708,0.020917948,0.630996943,0.635538985,0.491454459,0.384409202,0.172781149,0.424319749,0.083029908,0.310280614,0.173336136,0.402978645,0.40508873,0.306985569,0.213782449,0.262730162,0.229202571,0.219384088,0.182721327,0.259155577,0.210001526,0.194559818,0.159657994
majority,1,0.001,linear,627,150,186,17,0.514907931,0.625654662,0.690181126,0.601535799,0.023711903,0.635337906,0.008216176,0.508179145,0.022234971,0.625648144,0.629261174,0.487147419,0.389007742,0.173399169,0.425095507,0.08141563,0.315117691,0.174590458,0.39871958,0.402822435,0.304341535,0.230578311,0.259439323,0.238583734,0.244483467,0.197802843,0.258547343,0.216194151,0.204582831,0.168363191
majority,1,0.001,linear,627,150,186,8,0.547866318,0.625984943,0.671566943,0.555753964,0.039478964,0.588835039,0.021017894,0.464428854,0.038108532,0.600844579,0.599661313,0.46661394,0.368879357,0.185214935,0.422040358,0.079722324,0.292629982,0.189482038,0.393278668,0.39365557,0.297054647,0.231144583,0.254355678,0.269082927,0.24800129,0.193237475,0.261734669,0.244116292,0.235180371,0.192081078
majority,1,0.001,linear,627,150,186,18,0.512061219,0.626431048,0.690752467,0.609849155,0.022039004,0.639201556,0.007620839,0.516669425,0.020133333,0.62825627,0.631550012,0.489478167,0.386405391,0.174109353,0.423776363,0.084589381,0.313523346,0.175266026,0.399844078,0.401776932,0.304009977,0.220980185,0.250184401,0.239628155,0.242494992,0.187076926,0.241553326,0.224371722,0.206957053,0.172733936
majority,1,0.001,linear,627,150,186,10,0.53775008,0.626636493,0.673316012,0.559789557,0.035126789,0.603099463,0.016273827,0.468828026,0.032501793,0.608244165,0.609380276,0.472747721,0.405575209,0.151627694,0.423442943,0.081385416,0.328757014,0.148223156,0.396961363,0.398434624,0.301146484,0.236396077,0.280813353,0.264047362,0.270050023,0.200634032,0.285905195,0.245340371,0.231108688,0.193478839
majority,1,0.001,linear,627,150,186,4,0.583387715,0.62705164,0.668744773,0.512697872,0.068753664,0.536847634,0.045725202,0.426920208,0.069631978,0.561726652,0.558124574,0.434977142,0.378403248,0.123322051,0.41386355,0.082743553,0.303910427,0.123509944,0.386960055,0.383667713,0.292120332,0.183677682,0.219188202,0.247606709,0.197812433,0.160215464,0.217617779,0.226722567,0.217929422,0.175046705
majority,1,0.001,linear,627,150,186,3,0.596495488,0.62749455,0.674532036,0.475104614,0.117897497,0.511244721,0.067591878,0.394513835,0.117349012,0.539210213,0.53643711,0.41643456,0.397299474,0.096576873,0.415345743,0.060352226,0.320194405,0.096885823,0.400694809,0.391169361,0.304087264,0.194686172,0.188292813,0.231042612,0.146912308,0.153787389,0.191093085,0.205924536,0.183058484,0.155822426
majority,1,0.001,linear,627,150,186,15,0.520934616,0.627919948,0.6852899,0.590028706,0.028982556,0.627619511,0.009878224,0.49655082,0.027331091,0.621859394,0.624584287,0.48395117,0.397057492,0.168660243,0.425093786,0.079457677,0.324843049,0.167131574,0.405290609,0.404453098,0.30799513,0.229572724,0.25263881,0.244890983,0.258224525,0.195630113,0.250279698,0.231859857,0.211430953,0.1814813
majority,1,0.001,linear,627,150,186,20,0.508582813,0.628664041,0.692854116,0.608009627,0.02268303,0.643458253,0.006840221,0.513758279,0.021052107,0.628775524,0.633717208,0.489615673,0.38824724,0.171279146,0.425627518,0.08030818,0.315615655,0.170821735,0.404753097,0.406320413,0.308118513,0.229088011,0.270643386,0.230995917,0.219826639,0.195778637,0.275237712,0.215664531,0.197167272,0.164424078
majority,1,0.001,linear,627,150,186,16,0.517936575,0.628856778,0.684856931,0.597271998,0.028544928,0.634066115,0.008697244,0.505027707,0.025787058,0.624979406,0.628322048,0.48692475,0.391270124,0.162580933,0.423840489,0.085964202,0.318671343,0.162772879,0.39762004,0.399693522,0.303154639,0.210138723,0.278948916,0.246725098,0.259641872,0.180396846,0.29023247,0.233756345,0.215063407,0.183020313
majority,1,0.001,linear,627,150,186,14,0.522748744,0.630780292,0.681930552,0.590815342,0.028298833,0.626187432,0.010296828,0.497915372,0.026314975,0.620285497,0.623297956,0.482540644,0.431062743,0.151502751,0.425504086,0.084694995,0.354213166,0.147114088,0.405275385,0.398514212,0.309066827,0.229627592,0.308969061,0.252888571,0.28179181,0.198042024,0.326074906,0.235489172,0.22138779,0.18636616
majority,1,0.001,linear,627,150,186,23,0.504890382,0.631106377,0.703305175,0.61230146,0.019154828,0.651062518,0.005587071,0.516076616,0.019238007,0.634665954,0.638412722,0.49485072,0.389802606,0.172038173,0.422418993,0.08313227,0.31538708,0.172760848,0.404188094,0.40406307,0.307382506,0.2082103,0.24439753,0.224181519,0.208009609,0.178171075,0.233344483,0.211446201,0.191125534,0.160226399
majority,1,0.001,linear,627,150,186,27,0.498372266,0.631181419,0.713863462,0.619962576,0.017181794,0.657851033,0.004587836,0.523445169,0.0178005,0.637909222,0.642287961,0.498183737,0.382443991,0.172034732,0.42099854,0.083222913,0.309089994,0.172288574,0.403759325,0.405108652,0.307532675,0.219313582,0.247436999,0.216185069,0.196898006,0.192186614,0.238793815,0.196825789,0.179912228,0.148547652
majority,1,0.001,linear,627,150,186,22,0.505676921,0.631378329,0.697754631,0.613121424,0.022020183,0.649157696,0.005911347,0.519483692,0.020881128,0.633177843,0.637252836,0.493436319,0.387800938,0.172684563,0.421879341,0.084415658,0.314761538,0.172839339,0.401987411,0.402903469,0.30592951,0.232002002,0.252443762,0.229538907,0.218165798,0.198921491,0.249952254,0.219258512,0.19591361,0.166643318
majority,1,0.001,linear,627,150,186,28,0.497075024,0.631494451,0.713892917,0.620609711,0.017203326,0.659288808,0.004400605,0.525399587,0.017407893,0.638478118,0.643116958,0.498730302,0.376532443,0.174403407,0.421011288,0.082725379,0.305764889,0.176043672,0.409681452,0.406955716,0.311494962,0.229402624,0.247957334,0.214398977,0.18983037,0.201711732,0.24432749,0.193713302,0.17821695,0.145762091
majority,1,0.001,linear,627,150,186,19,0.511858037,0.631537712,0.694431792,0.605693312,0.023193508,0.642752363,0.007078074,0.511935179,0.021555123,0.6281088,0.63242061,0.489095122,0.414761121,0.157608264,0.423013103,0.088959661,0.338326883,0.157261116,0.398065517,0.400618402,0.303305124,0.214206068,0.290777346,0.236759051,0.237624619,0.182966259,0.30649055,0.225126609,0.203603492,0.172588628
majority,1,0.001,linear,627,150,186,26,0.500867304,0.632314146,0.708563089,0.611616588,0.019820495,0.656285756,0.004814879,0.516577102,0.019756697,0.636375417,0.641460491,0.496696401,0.395015946,0.171254785,0.421077181,0.082419918,0.319947709,0.1728938,0.409072074,0.405641449,0.310940361,0.208795352,0.251574571,0.217473281,0.197147479,0.179261282,0.243846972,0.195408775,0.182021229,0.146678387
majority,1,0.001,linear,627,150,186,25,0.50239549,0.632478952,0.706392318,0.615297367,0.01830748,0.654300907,0.005110544,0.519845005,0.018565741,0.635876103,0.640189445,0.496081776,0.386818919,0.165540146,0.423147125,0.081617344,0.312681635,0.167670522,0.410578128,0.407132307,0.31227284,0.212194251,0.255332122,0.221537649,0.200512845,0.182559339,0.248103336,0.201936758,0.185516024,0.152583468
majority,1,0.001,linear,627,150,186,24,0.502182569,0.632899153,0.707867384,0.615203069,0.018690504,0.653143207,0.005247352,0.519842305,0.018993963,0.634487976,0.639444616,0.49487517,0.393478754,0.161778206,0.422094986,0.084983763,0.319212141,0.162558701,0.401427456,0.403237423,0.304969815,0.211785259,0.269594919,0.223387358,0.208171347,0.181847691,0.272610337,0.207184756,0.189125469,0.155775277
majority,1,0.001,linear,627,150,186,35,0.491398202,0.635830379,0.72717907,0.629479407,0.012803912,0.667390711,0.00342782,0.533001699,0.0128873,0.643776948,0.648613907,0.504025836,0.374834911,0.175739334,0.417666616,0.084056821,0.300246269,0.176504346,0.414497893,0.407944241,0.315476084,0.201892149,0.224458536,0.207439686,0.180788587,0.173226938,0.227197996,0.191718545,0.171428679,0.143590852
majority,1,0.001,linear,627,150,186,34,0.492245381,0.635969234,0.721060822,0.627619306,0.016627453,0.665914405,0.003581856,0.53039293,0.016899089,0.642384727,0.64728279,0.502596202,0.373749755,0.176845346,0.418660424,0.081377821,0.299958335,0.177987673,0.411835702,0.409746349,0.313221444,0.184794836,0.206225108,0.205750154,0.176585497,0.166099253,0.206237413,0.182176643,0.169000825,0.136791205
majority,1,0.001,linear,627,150,186,31,0.493698084,0.6368487,0.719606499,0.620774348,0.017110535,0.662984557,0.003946393,0.525698187,0.017538355,0.640820789,0.645946509,0.500969609,0.369588601,0.178884963,0.420156257,0.082529872,0.296339231,0.179594875,0.409256499,0.407808594,0.310693419,0.204665135,0.223763263,0.210265916,0.185601699,0.185866741,0.233337858,0.190701729,0.173561772,0.143343301
majority,1,0.001,linear,627,150,186,30,0.495100117,0.636853719,0.714834342,0.625760057,0.016775943,0.661999921,0.004066567,0.53085718,0.016960333,0.640409415,0.645409678,0.500721666,0.38089598,0.168567422,0.419069759,0.085815221,0.307163784,0.17105934,0.407054056,0.404603619,0.308696596,0.232380919,0.279290073,0.215203766,0.192832765,0.19522682,0.282947216,0.200629577,0.179765692,0.148828582
majority,1,0.001,linear,627,150,186,29,0.497043726,0.636906278,0.713966489,0.616323098,0.017606796,0.660650389,0.004229514,0.520241108,0.017699385,0.639621784,0.644533907,0.499866053,0.380009091,0.166412054,0.420225451,0.082361746,0.306399897,0.167381853,0.410610418,0.406430737,0.311715571,0.196263381,0.193980617,0.213598157,0.185750716,0.175677943,0.19405026,0.194519768,0.178380529,0.146007093
majority,1,0.001,linear,627,150,186,39,0.487898372,0.637023175,0.732708067,0.628162379,0.012796763,0.669461832,0.003176388,0.531835469,0.012697676,0.64395337,0.649381726,0.504339385,0.353282627,0.180912363,0.419228113,0.077338175,0.287926002,0.181083131,0.418602706,0.413980033,0.31795227,0.19012353,0.220420603,0.201595058,0.162736399,0.161225318,0.222408803,0.184468301,0.165122934,0.13907807
majority,1,0.001,linear,627,150,186,33,0.492487495,0.637197506,0.725967526,0.624162605,0.017512628,0.665507351,0.003616458,0.52949248,0.017563294,0.642393947,0.647589071,0.502752789,0.368703542,0.169465151,0.418644977,0.085197136,0.297388219,0.171330337,0.409143953,0.405675231,0.31073556,0.213793563,0.207920179,0.209650575,0.186519322,0.183712588,0.205666732,0.195290489,0.173234761,0.147011663
majority,1,0.001,linear,627,150,186,2,0.622665629,0.637596512,0.676465174,0.44376516,0.131893918,0.479832558,0.09993168,0.367035603,0.13168113,0.513013417,0.508409531,0.39439667,0.397710187,0.096948636,0.396817365,0.07910815,0.320729832,0.096535749,0.401399407,0.388154856,0.304761618,0.155246488,0.15697717,0.192590729,0.144332749,0.121902321,0.155725269,0.16062779,0.150644412,0.119653789
majority,1,0.001,linear,627,150,186,46,0.48522168,0.637617671,0.735738407,0.633579696,0.012180897,0.673699721,0.00277886,0.536323027,0.011922928,0.646442846,0.652344163,0.506914064,0.367169781,0.124047902,0.417836534,0.07672144,0.294517109,0.130316161,0.428922925,0.417015572,0.324486459,0.199816203,0.159495658,0.196609841,0.155584399,0.165618382,0.162868931,0.170231448,0.161590078,0.127239365
majority,1,0.001,linear,627,150,186,40,0.486104338,0.638072658,0.729061753,0.630670246,0.013359401,0.670989236,0.003048017,0.533394959,0.013160566,0.644705791,0.650559239,0.505178376,0.341648927,0.181380132,0.417020221,0.083859221,0.273514142,0.183532835,0.4106288,0.410289867,0.31134793,0.198646903,0.229126663,0.204400158,0.178211595,0.169641562,0.240398869,0.185984685,0.168407637,0.139786147
majority,1,0.001,linear,627,150,186,32,0.494557837,0.638335431,0.71931994,0.62463984,0.017082365,0.664306043,0.003769912,0.528852495,0.017511777,0.641154217,0.64620267,0.501347706,0.378870615,0.165798083,0.418653732,0.082706954,0.305828704,0.167327234,0.412683525,0.407990069,0.313954769,0.200276143,0.20487918,0.209109655,0.183149565,0.179468682,0.203686212,0.187947072,0.172511798,0.14058938
majority,1,0.001,linear,627,150,186,37,0.4906775,0.639011133,0.728860269,0.62902959,0.013170787,0.668894688,0.003310635,0.533284334,0.012946823,0.643914525,0.649639237,0.504321162,0.374586969,0.176054008,0.417338684,0.083589927,0.300772868,0.176407625,0.413216584,0.409279523,0.313460594,0.205764859,0.183347893,0.20662512,0.177764983,0.17339874,0.186960551,0.190729474,0.170981296,0.143521459
majority,1,0.001,linear,627,150,186,38,0.489115319,0.639181125,0.733197639,0.632304157,0.013065318,0.669422129,0.003203629,0.5352858,0.012864617,0.643611832,0.649719026,0.504051726,0.378880113,0.168727654,0.418808785,0.080781962,0.30832825,0.169281573,0.416059968,0.411009072,0.316351231,0.196544083,0.174165483,0.203534541,0.173023058,0.165710636,0.175270937,0.189415382,0.168224628,0.142415237
majority,1,0.001,linear,627,150,186,36,0.490108643,0.63947432,0.730331302,0.629374098,0.013375204,0.668095482,0.003356686,0.532061076,0.013192397,0.642997866,0.64876688,0.503300628,0.380082073,0.165764348,0.417819974,0.083626878,0.307305475,0.165993344,0.412184884,0.408538481,0.312496188,0.176235935,0.231571657,0.205334647,0.178548214,0.150621726,0.239889246,0.185294892,0.168709931,0.139034269
majority,1,0.001,linear,627,150,186,50,0.48298251,0.640455055,0.74220714,0.637529836,0.012251208,0.676106197,0.002572483,0.542318226,0.012373858,0.648458732,0.654316778,0.509050759,0.387256725,0.099664545,0.415524222,0.081241607,0.313583583,0.102116729,0.425573772,0.415200945,0.323585982,0.217836931,0.237028211,0.198535677,0.173818483,0.179188531,0.24229639,0.174150845,0.164984034,0.132238583
majority,1,0.001,linear,627,150,186,45,0.486121505,0.641297412,0.737536689,0.633215795,0.012299602,0.673908603,0.002740601,0.537027867,0.012303972,0.646643384,0.652935474,0.507156309,0.34347396,0.186998725,0.416426602,0.082085857,0.277610824,0.187156765,0.4161035,0.411938676,0.317060976,0.208370477,0.231858207,0.199620532,0.175641865,0.171365854,0.231669381,0.176428513,0.165761756,0.133410583
majority,1,0.001,linear,627,150,186,42,0.485617299,0.642675805,0.734203448,0.628848546,0.012925437,0.672176343,0.002917121,0.531232485,0.013227154,0.64573565,0.651221188,0.505977251,0.348071649,0.192871262,0.416160539,0.079702496,0.282341683,0.196626671,0.417875551,0.413388713,0.317599083,0.190605458,0.186830771,0.199314136,0.163617252,0.159671755,0.191134732,0.17914275,0.164672055,0.135331626
majority,1,0.001,linear,627,150,186,44,0.485808441,0.642816317,0.737130304,0.632986776,0.012464038,0.673273414,0.002831984,0.535334091,0.012543162,0.646300821,0.652045069,0.506555121,0.353714531,0.180086923,0.416451196,0.081205507,0.287618234,0.181025459,0.417278098,0.413587422,0.316877671,0.20956201,0.184275577,0.200584687,0.16908303,0.17674757,0.191615029,0.181330018,0.165683127,0.137062966
majority,1,0.001,linear,627,150,186,43,0.486625238,0.64302516,0.736912509,0.628801606,0.01328862,0.672574791,0.002882808,0.532952679,0.013042314,0.645217943,0.65154506,0.505739942,0.35171488,0.181487252,0.417119599,0.080207719,0.283310967,0.185166927,0.41489413,0.413743866,0.315549811,0.195994391,0.194968219,0.200205026,0.166963116,0.16447811,0.20794734,0.180850044,0.165057941,0.136636425
majority,1,0.001,linear,627,150,186,49,0.482258733,0.643574548,0.741494427,0.632705663,0.012072636,0.675671476,0.002603296,0.538162344,0.01213041,0.64811137,0.654021812,0.508587984,0.393091866,0.089644318,0.41621411,0.079578636,0.321226241,0.087764829,0.425382147,0.416022476,0.323131618,0.21864919,0.203662186,0.198201864,0.167530298,0.179188248,0.206290889,0.172091388,0.164743833,0.13008232
majority,1,0.001,linear,627,150,186,41,0.486494911,0.644574833,0.733649284,0.632525588,0.012556626,0.671411403,0.0029745,0.535729519,0.012580806,0.644810857,0.651027171,0.505196425,0.35500097,0.186074808,0.41766313,0.081050626,0.287350718,0.18615,0.411571667,0.411995526,0.313063801,0.202244852,0.190837483,0.200997483,0.170193643,0.172453698,0.20284344,0.183516829,0.164888218,0.138601205
majority,1,0.001,linear,627,150,186,48,0.483557257,0.644960237,0.741708914,0.635904214,0.012090908,0.67521427,0.002642009,0.540172332,0.011922805,0.647022019,0.65339556,0.507458858,0.393016486,0.090427498,0.416677308,0.079047509,0.318371626,0.091379151,0.428831629,0.416376421,0.324767318,0.211563857,0.218177351,0.1966035,0.164729876,0.173651283,0.213021895,0.175070417,0.163175887,0.131339168
majority,1,0.001,linear,627,150,186,47,0.48453903,0.646830761,0.741361201,0.637347996,0.012196285,0.675027945,0.002673481,0.541650355,0.01222574,0.647569133,0.65380707,0.508189953,0.342551791,0.193953087,0.415745135,0.083926659,0.275225462,0.194699483,0.414695206,0.412676984,0.315476084,0.210472314,0.271982795,0.200670443,0.179140438,0.173986022,0.271525897,0.181059721,0.166846754,0.135856614
majority,1,0.001,linear,627,150,186,1,0.666784006,0.658313024,0.699203283,0.363529475,0.224473862,0.385953124,0.218384803,0.298837872,0.222745563,0.416625507,0.40624046,0.316297729,0.354433325,0.16129811,0.290669464,0.134934731,0.284017575,0.147365213,0.314747971,0.318881608,0.24367449,0.092651964,0.225823293,0.107334181,0.180930642,0.068270106,0.219957764,0.046057884,0.027094612,0.033995237
majority,1,0.001,linear,627,150,186,0,0.697967768,0.693826807,0.700832725,-0.089475234,0.398047869,-0.134693016,0.358543206,-0.074551496,0.3783167,-0.118653678,-0.145508037,-0.088741899,-0.012070989,0.291749819,-0.031974471,0.356664627,-0.009173552,0.299980536,-0.016112131,-0.090375292,-0.010753438,-0.211872344,0.241436256,-0.228478711,0.332902961,-0.165709925,0.235102652,-0.216830211,-0.243771188,-0.160750033
